time,a,b,c,d,e,f,g,h,i,j,k
2005-01-01,6.884307861328125,10.344085693359375,15.34967041015625,17.968353271484375,18.657623291015625,15.8150634765625,19.246429443359375,24.42193603515625,21.211273193359375,18.96612548828125,17.16046142578125
2005-02-01,6.6812744140625,9.959991455078125,14.603271484375,17.52362060546875,18.5574951171875,15.6275634765625,19.17901611328125,23.6719970703125,20.970062255859375,19.0372314453125,17.199249267578125
2005-03-01,7.018341064453125,10.023223876953125,14.4630126953125,18.08233642578125,18.884246826171875,16.31475830078125,19.366790771484375,22.957733154296875,21.325653076171875,19.361663818359375,18.230560302734375
2005-04-01,7.370849609375,10.085174560546875,14.24359130859375,18.04644775390625,18.62274169921875,16.388671875,19.6231689453125,22.9931640625,21.5369873046875,19.845001220703125,19.2718505859375
2005-05-01,9.3994140625,11.209930419921875,15.29278564453125,19.541412353515625,19.634613037109375,16.763916015625,19.932861328125,23.43829345703125,24.60150146484375,23.85833740234375,21.39044189453125
2005-06-01,11.329833984375,12.343292236328125,16.382781982421875,19.694854736328125,19.543060302734375,16.24029541015625,19.924224853515625,23.595947265625,25.56597900390625,26.0045166015625,24.75689697265625
2005-07-01,13.63897705078125,14.630859375,17.43096923828125,20.38153076171875,20.028533935546875,17.49432373046875,21.36004638671875,24.787689208984375,28.179962158203125,28.550994873046875,27.632171630859375
2005-08-01,15.1541748046875,17.790740966796875,19.024261474609375,21.123565673828125,21.39813232421875,19.752044677734375,22.5689697265625,27.764373779296875,29.569793701171875,30.0792236328125,28.50640869140625
2005-09-01,15.114990234375,17.916961669921875,19.5341796875,21.23651123046875,21.270965576171875,19.277130126953125,23.446380615234375,29.146453857421875,30.695648193359375,29.769775390625,30.0926513671875
2005-10-01,12.423187255859375,15.44659423828125,18.98162841796875,20.912750244140625,20.9578857421875,18.230499267578125,22.1754150390625,26.734893798828125,29.231964111328125,27.897003173828125,26.311004638671875
2005-11-01,9.621673583984375,12.9986572265625,17.5408935546875,20.185882568359375,20.263275146484375,17.455169677734375,20.941619873046875,26.89019775390625,24.752166748046875,22.572540283203125,19.6251220703125
2005-12-01,8.01470947265625,11.494842529296875,16.335296630859375,19.291168212890625,19.8897705078125,15.98760986328125,19.840972900390625,24.7249755859375,21.24322509765625,18.17669677734375,17.562469482421875
2006-01-01,7.071868896484375,10.323822021484375,14.618438720703125,18.4022216796875,19.207672119140625,15.10516357421875,18.676116943359375,23.607147216796875,19.26739501953125,17.066802978515625,16.492889404296875
2006-02-01,6.301239013671875,9.399627685546875,14.40472412109375,18.2169189453125,18.70721435546875,15.21282958984375,18.3062744140625,23.03814697265625,19.47674560546875,17.4197998046875,16.88800048828125
2006-03-01,5.815887451171875,8.56243896484375,13.54229736328125,17.780914306640625,18.27056884765625,14.678436279296875,18.4302978515625,22.737457275390625,20.17059326171875,17.834197998046875,17.139923095703125
2006-04-01,6.216156005859375,8.606536865234375,13.056732177734375,17.632232666015625,17.996856689453125,15.743743896484375,19.04876708984375,24.1787109375,22.562896728515625,19.610137939453125,18.63311767578125
2006-05-01,7.07159423828125,9.817108154296875,14.351654052734375,18.12603759765625,18.3009033203125,16.33367919921875,19.16937255859375,23.874664306640625,25.539703369140625,24.55413818359375,22.210205078125
2006-06-01,9.94189453125,12.43121337890625,15.994476318359375,19.63092041015625,18.66021728515625,17.2899169921875,20.01788330078125,24.36932373046875,28.064422607421875,28.59747314453125,26.8165283203125
2006-07-01,12.169921875,15.120849609375,18.57684326171875,20.495513916015625,20.073883056640625,19.49560546875,23.34613037109375,27.62158203125,30.636138916015625,31.228271484375,29.94061279296875
2006-08-01,13.031890869140625,16.66998291015625,19.222442626953125,21.056732177734375,21.244232177734375,20.628265380859375,24.33355712890625,28.78131103515625,30.53228759765625,31.23480224609375,30.61920166015625
2006-09-01,13.36968994140625,17.18743896484375,19.564666748046875,20.974945068359375,21.2064208984375,20.29107666015625,24.5782470703125,29.575775146484375,30.143890380859375,30.459197998046875,30.128875732421875
2006-10-01,12.65911865234375,16.311370849609375,18.451873779296875,20.78143310546875,20.96575927734375,19.433624267578125,23.274200439453125,29.72711181640625,30.2169189453125,28.576171875,27.39208984375
2006-11-01,9.71527099609375,13.42462158203125,17.3626708984375,20.2786865234375,20.000030517578125,18.450897216796875,22.396728515625,28.4434814453125,27.510223388671875,24.40753173828125,24.244598388671875
2006-12-01,7.847625732421875,10.906280517578125,15.822296142578125,19.030029296875,18.94976806640625,16.161468505859375,21.62969970703125,26.74163818359375,23.724822998046875,20.447021484375,19.54010009765625
2007-01-01,6.56390380859375,9.296051025390625,14.58575439453125,17.63568115234375,17.946563720703125,14.653564453125,19.99896240234375,23.96026611328125,20.784881591796875,17.306610107421875,16.9970703125
2007-02-01,6.29119873046875,9.24847412109375,13.914276123046875,17.240020751953125,17.158447265625,14.995941162109375,19.52789306640625,22.8587646484375,20.330657958984375,17.833221435546875,16.463653564453125
2007-03-01,5.93798828125,8.8155517578125,13.91156005859375,17.1920166015625,17.623016357421875,14.733245849609375,19.529937744140625,23.3382568359375,21.38470458984375,18.78729248046875,17.999786376953125
2007-04-01,6.2117919921875,8.890045166015625,14.358612060546875,17.18896484375,17.937225341796875,14.54351806640625,19.306854248046875,23.22894287109375,22.2132568359375,20.808319091796875,19.37054443359375
2007-05-01,7.190673828125,10.35504150390625,15.314788818359375,17.936065673828125,18.35089111328125,14.90216064453125,19.506622314453125,22.81463623046875,24.893524169921875,24.343597412109375,22.55267333984375
2007-06-01,9.05963134765625,11.815460205078125,17.621490478515625,19.33868408203125,18.477935791015625,15.977630615234375,19.9752197265625,25.391937255859375,26.7784423828125,27.955657958984375,26.19927978515625
2007-07-01,11.713226318359375,14.057586669921875,19.2344970703125,21.52264404296875,19.893829345703125,17.395599365234375,21.953704833984375,28.41571044921875,28.203369140625,29.14324951171875,28.705474853515625
2007-08-01,13.6005859375,15.047393798828125,19.283416748046875,21.966552734375,20.238739013671875,18.471343994140625,22.9122314453125,27.876312255859375,30.163665771484375,30.595458984375,30.22344970703125
2007-09-01,13.7572021484375,16.32257080078125,19.5174560546875,21.91668701171875,21.4210205078125,19.81378173828125,23.6585693359375,27.575958251953125,29.10076904296875,30.168487548828125,30.029266357421875
2007-10-01,10.9854736328125,13.1361083984375,18.213165283203125,21.22552490234375,20.934539794921875,18.916229248046875,21.513458251953125,28.19525146484375,29.135955810546875,26.9114990234375,26.42230224609375
2007-11-01,8.739715576171875,11.6575927734375,17.06317138671875,19.90301513671875,20.24066162109375,18.21881103515625,20.36383056640625,27.566436767578125,26.09429931640625,23.7303466796875,23.4158935546875
2007-12-01,7.19183349609375,10.559783935546875,15.89697265625,18.8983154296875,18.662628173828125,15.538299560546875,18.800872802734375,25.125946044921875,22.14825439453125,18.727386474609375,18.874755859375
2008-01-01,6.016754150390625,9.083740234375,14.47894287109375,17.90777587890625,17.831298828125,14.47369384765625,17.6845703125,22.32586669921875,18.79278564453125,16.20526123046875,15.909942626953125
2008-02-01,5.479217529296875,8.169281005859375,13.84454345703125,17.176483154296875,17.36328125,13.9373779296875,17.074615478515625,21.46282958984375,18.251373291015625,16.734100341796875,15.4661865234375
2008-03-01,5.309814453125,8.616455078125,13.234130859375,17.139434814453125,17.10943603515625,14.636260986328125,18.0914306640625,22.13372802734375,19.41473388671875,17.68646240234375,17.42431640625
2008-04-01,5.382720947265625,9.0667724609375,13.274688720703125,17.07568359375,16.82061767578125,15.119140625,18.264404296875,23.7686767578125,22.1573486328125,20.27838134765625,20.371826171875
2008-05-01,6.288543701171875,10.05999755859375,15.235015869140625,17.826385498046875,16.85687255859375,15.3543701171875,18.7247314453125,25.100830078125,24.2052001953125,22.892852783203125,21.6038818359375
2008-06-01,7.864349365234375,12.0194091796875,17.234405517578125,18.65618896484375,18.414825439453125,17.145904541015625,19.721099853515625,26.30841064453125,26.0888671875,26.65496826171875,25.474945068359375
2008-07-01,10.76995849609375,15.3782958984375,19.063323974609375,20.302001953125,20.153045654296875,17.982574462890625,22.3765869140625,27.409393310546875,29.0394287109375,29.69927978515625,28.924896240234375
2008-08-01,12.39208984375,16.225250244140625,20.959686279296875,21.21630859375,20.60247802734375,18.81878662109375,24.25927734375,28.84771728515625,29.853057861328125,30.236663818359375,30.442901611328125
2008-09-01,12.866973876953125,16.365936279296875,20.615936279296875,21.0440673828125,20.433319091796875,19.34661865234375,24.32928466796875,29.1004638671875,30.234619140625,30.3900146484375,30.9207763671875
2008-10-01,10.696685791015625,15.057952880859375,18.889068603515625,20.901336669921875,20.040283203125,18.176971435546875,23.53887939453125,29.364532470703125,29.33709716796875,27.95367431640625,27.821929931640625
2008-11-01,8.472991943359375,12.95208740234375,17.71038818359375,19.933929443359375,19.2490234375,17.7193603515625,23.29541015625,28.492584228515625,26.617889404296875,23.338653564453125,23.680389404296875
2008-12-01,6.985382080078125,11.497283935546875,16.093963623046875,18.29937744140625,17.7882080078125,16.013275146484375,20.798065185546875,26.751708984375,23.875701904296875,19.9027099609375,19.990966796875
2009-01-01,5.947906494140625,9.726531982421875,14.68634033203125,17.06585693359375,16.885498046875,14.838897705078125,19.563751220703125,24.59674072265625,20.542266845703125,17.273651123046875,17.20074462890625
2009-02-01,5.61981201171875,9.381195068359375,13.08197021484375,16.67730712890625,16.475921630859375,15.029266357421875,19.08917236328125,23.611328125,20.3419189453125,17.985198974609375,16.6043701171875
2009-03-01,5.579925537109375,8.918212890625,12.55267333984375,16.261810302734375,17.19854736328125,14.873199462890625,19.8167724609375,24.00054931640625,21.546600341796875,18.619110107421875,17.6324462890625
2009-04-01,5.8865966796875,9.25531005859375,13.066680908203125,16.368255615234375,17.2586669921875,14.77496337890625,19.585540771484375,22.986358642578125,21.96142578125,19.66790771484375,18.61419677734375
2009-05-01,7.69757080078125,10.180755615234375,14.94110107421875,18.05474853515625,18.304656982421875,14.9862060546875,19.650238037109375,24.507171630859375,25.75982666015625,25.0321044921875,23.8961181640625
2009-06-01,10.354705810546875,13.038818359375,17.267578125,19.033477783203125,19.65948486328125,17.122161865234375,19.801025390625,24.1278076171875,28.531097412109375,27.829376220703125,25.35528564453125
2009-07-01,12.238555908203125,15.667755126953125,19.2734375,19.889801025390625,20.5888671875,18.293304443359375,22.695526123046875,27.68536376953125,30.103240966796875,30.561187744140625,29.13104248046875
2009-08-01,14.397979736328125,17.46527099609375,19.84649658203125,21.361572265625,21.747894287109375,19.018218994140625,24.298248291015625,28.70111083984375,31.450897216796875,31.643890380859375,30.787750244140625
2009-09-01,12.91845703125,16.661651611328125,20.16107177734375,21.851806640625,22.3248291015625,20.1129150390625,24.372528076171875,28.951141357421875,30.6307373046875,30.469329833984375,30.45751953125
2009-10-01,11.381072998046875,15.447113037109375,18.79296875,21.099884033203125,21.187225341796875,18.56756591796875,24.08837890625,28.24578857421875,29.447906494140625,28.411163330078125,27.46209716796875
2009-11-01,8.99310302734375,12.48944091796875,17.8323974609375,20.342315673828125,19.596527099609375,17.4110107421875,21.601806640625,27.9571533203125,26.738739013671875,24.430206298828125,23.81414794921875
2009-12-01,7.359893798828125,10.8114013671875,16.718719482421875,19.3311767578125,18.888214111328125,16.129669189453125,20.407867431640625,26.280853271484375,23.84674072265625,21.4117431640625,19.869720458984375
2010-01-01,6.444091796875,9.9332275390625,15.397491455078125,18.638336181640625,18.80645751953125,15.577178955078125,20.17852783203125,24.682037353515625,22.131317138671875,19.396759033203125,17.775665283203125
2010-02-01,6.400390625,9.708404541015625,14.329437255859375,17.88323974609375,18.375244140625,15.029571533203125,19.986083984375,23.9111328125,22.14996337890625,19.667724609375,17.356475830078125
2010-03-01,6.437530517578125,9.631622314453125,13.88409423828125,17.610107421875,17.742767333984375,15.334747314453125,19.504547119140625,23.96820068359375,21.660919189453125,19.260467529296875,18.048309326171875
2010-04-01,6.400177001953125,9.17266845703125,13.513641357421875,17.669830322265625,18.07611083984375,15.951934814453125,18.890045166015625,24.538818359375,22.96417236328125,20.857147216796875,19.486846923828125
2010-05-01,7.73968505859375,9.934295654296875,14.870635986328125,18.151397705078125,18.20526123046875,15.22900390625,18.797088623046875,23.540283203125,24.893829345703125,23.021575927734375,22.18609619140625
2010-06-01,9.188690185546875,11.4879150390625,15.4300537109375,19.539794921875,18.431976318359375,15.74017333984375,19.14996337890625,24.0120849609375,26.980987548828125,27.196319580078125,25.108245849609375
2010-07-01,11.589874267578125,14.4468994140625,16.38482666015625,19.41204833984375,19.72088623046875,16.49609375,20.726287841796875,25.48809814453125,28.33245849609375,29.406036376953125,28.602691650390625
2010-08-01,13.75775146484375,16.540069580078125,17.75347900390625,19.637939453125,20.29742431640625,17.322723388671875,22.09326171875,28.44134521484375,30.002227783203125,31.00384521484375,30.726104736328125
2010-09-01,13.730560302734375,17.131744384765625,18.980224609375,20.17132568359375,20.31317138671875,17.875946044921875,22.8270263671875,27.112884521484375,30.539154052734375,31.06500244140625,30.100494384765625
2010-10-01,11.52166748046875,14.886016845703125,19.093475341796875,20.523681640625,20.264312744140625,17.898773193359375,20.926513671875,27.470672607421875,29.00927734375,27.22796630859375,27.855743408203125
2010-11-01,9.254730224609375,12.45587158203125,17.457489013671875,19.917938232421875,19.486572265625,17.015838623046875,19.602386474609375,25.6961669921875,25.68572998046875,22.395294189453125,22.3355712890625
2010-12-01,7.819580078125,10.652587890625,15.540679931640625,18.899749755859375,18.69866943359375,15.207061767578125,18.92327880859375,23.940216064453125,22.0047607421875,18.520843505859375,18.44805908203125
2011-01-01,6.5916748046875,9.755859375,14.279693603515625,18.106964111328125,18.09521484375,13.9483642578125,18.268280029296875,23.02587890625,19.953521728515625,16.982879638671875,16.591827392578125
2011-02-01,6.25616455078125,9.56732177734375,13.98382568359375,17.2388916015625,17.729400634765625,14.1614990234375,17.498199462890625,22.37548828125,18.367889404296875,16.090423583984375,15.966705322265625
2011-03-01,5.8297119140625,8.502899169921875,12.9793701171875,16.89166259765625,17.33123779296875,14.52935791015625,17.9249267578125,22.23187255859375,19.98883056640625,17.86248779296875,17.60443115234375
2011-04-01,6.012481689453125,8.642486572265625,12.717193603515625,17.747894287109375,17.91204833984375,15.896881103515625,18.4876708984375,22.58526611328125,22.4803466796875,20.663421630859375,19.629364013671875
2011-05-01,7.307891845703125,9.2796630859375,13.5447998046875,18.23736572265625,18.4334716796875,15.8021240234375,18.923370361328125,24.45501708984375,25.19097900390625,22.776702880859375,21.867828369140625
2011-06-01,10.16168212890625,10.97613525390625,14.42108154296875,18.52215576171875,18.615142822265625,16.005462646484375,19.078857421875,24.84027099609375,28.837615966796875,27.272003173828125,24.71990966796875
2011-07-01,11.467620849609375,13.120849609375,17.642364501953125,18.746063232421875,19.07476806640625,17.7520751953125,20.6031494140625,27.088836669921875,30.31610107421875,30.2301025390625,29.3367919921875
2011-08-01,13.572418212890625,15.439666748046875,19.49163818359375,19.925750732421875,19.99786376953125,18.591949462890625,21.7320556640625,29.152618408203125,30.7100830078125,31.43267822265625,30.861907958984375
2011-09-01,12.9072265625,16.79656982421875,20.53363037109375,20.973114013671875,20.392059326171875,18.935302734375,23.10943603515625,30.0379638671875,31.43157958984375,31.328948974609375,30.409454345703125
2011-10-01,10.43341064453125,13.511962890625,19.058197021484375,21.233245849609375,20.40350341796875,18.764923095703125,21.787811279296875,29.641693115234375,30.36279296875,27.972747802734375,27.938812255859375
2011-11-01,8.587371826171875,12.003814697265625,17.38763427734375,19.64849853515625,19.74908447265625,16.877410888671875,20.898223876953125,28.978515625,25.9647216796875,21.593475341796875,22.816986083984375
2011-12-01,7.53131103515625,10.29193115234375,15.755706787109375,18.17108154296875,18.727569580078125,15.58197021484375,19.01739501953125,25.665802001953125,20.8282470703125,18.097137451171875,18.4212646484375
2012-01-01,6.55157470703125,9.72369384765625,14.852874755859375,17.603118896484375,17.895904541015625,15.378082275390625,18.709625244140625,23.307342529296875,19.10650634765625,16.957000732421875,17.188873291015625
2012-02-01,6.08795166015625,8.953460693359375,14.31475830078125,17.438568115234375,16.98114013671875,14.891632080078125,18.237762451171875,23.46722412109375,19.34576416015625,17.21551513671875,16.5653076171875
2012-03-01,5.450286865234375,8.04986572265625,13.562652587890625,17.2591552734375,17.16973876953125,14.993560791015625,18.75018310546875,23.4293212890625,19.62762451171875,17.624267578125,17.035888671875
2012-04-01,6.2332763671875,8.220794677734375,12.8974609375,17.4586181640625,17.607147216796875,15.799713134765625,19.36883544921875,22.492218017578125,22.276641845703125,19.8240966796875,19.38885498046875
2012-05-01,6.93707275390625,9.58514404296875,14.8087158203125,18.6302490234375,18.159423828125,16.26422119140625,19.25189208984375,23.275970458984375,25.586700439453125,24.714874267578125,22.781524658203125
2012-06-01,8.670196533203125,10.862548828125,16.0238037109375,19.5814208984375,18.730438232421875,16.37005615234375,19.517181396484375,26.6326904296875,28.07696533203125,27.99560546875,25.65032958984375
2012-07-01,11.36346435546875,12.69915771484375,17.7906494140625,19.939117431640625,19.01470947265625,17.018829345703125,21.1793212890625,28.67803955078125,29.62677001953125,30.172515869140625,29.454681396484375
2012-08-01,13.265411376953125,15.71514892578125,19.169891357421875,20.753448486328125,19.106201171875,18.574066162109375,23.022735595703125,29.674468994140625,30.862396240234375,31.53582763671875,31.02496337890625
2012-09-01,13.179779052734375,16.548431396484375,19.0550537109375,20.93560791015625,19.147430419921875,20.845672607421875,23.974609375,29.671844482421875,30.9342041015625,30.6787109375,31.08160400390625
2012-10-01,11.48516845703125,15.8612060546875,18.69134521484375,21.059326171875,19.955078125,20.431671142578125,24.404937744140625,29.8251953125,29.869842529296875,28.378021240234375,28.332855224609375
2012-11-01,8.552215576171875,12.895904541015625,17.323028564453125,20.495086669921875,19.56060791015625,18.669708251953125,22.402801513671875,28.441314697265625,27.34722900390625,24.44549560546875,24.2523193359375
2012-12-01,7.15313720703125,10.52069091796875,15.088653564453125,19.390960693359375,18.902496337890625,17.28778076171875,20.8756103515625,26.73553466796875,24.45269775390625,20.94598388671875,21.31060791015625
2013-01-01,6.49981689453125,9.171142578125,13.2623291015625,17.946502685546875,17.8033447265625,15.494171142578125,19.439727783203125,24.386810302734375,21.287078857421875,17.88519287109375,17.300811767578125
2013-02-01,6.395721435546875,8.888275146484375,12.955963134765625,17.188690185546875,17.21270751953125,15.1614990234375,18.516632080078125,23.52630615234375,20.158447265625,17.254150390625,16.380828857421875
2013-03-01,6.17254638671875,8.783782958984375,13.1253662109375,16.65032958984375,17.5535888671875,14.9163818359375,19.099273681640625,23.021942138671875,20.764129638671875,18.24957275390625,17.98077392578125
2013-04-01,6.526336669921875,9.948211669921875,14.023681640625,17.2796630859375,18.1497802734375,15.332366943359375,18.82391357421875,23.572845458984375,22.435150146484375,21.10137939453125,19.70574951171875
2013-05-01,7.85467529296875,11.896240234375,15.329345703125,18.217376708984375,18.745941162109375,16.147857666015625,19.9091796875,23.047515869140625,25.25091552734375,23.522308349609375,21.765167236328125
2013-06-01,10.06097412109375,12.8770751953125,17.609710693359375,18.8389892578125,19.357635498046875,16.435943603515625,20.23980712890625,22.97650146484375,26.969207763671875,27.343963623046875,25.71588134765625
2013-07-01,13.1339111328125,16.257049560546875,19.4366455078125,20.882598876953125,20.27862548828125,18.4486083984375,22.4378662109375,26.829132080078125,29.24090576171875,29.455047607421875,28.980010986328125
2013-08-01,15.144927978515625,18.230621337890625,21.3133544921875,21.9766845703125,20.21795654296875,18.598663330078125,22.5086669921875,29.799591064453125,30.7408447265625,30.816131591796875,30.207611083984375
2013-09-01,15.298065185546875,17.55157470703125,21.692596435546875,23.583587646484375,21.32843017578125,19.6334228515625,23.07037353515625,29.428955078125,30.276214599609375,30.340545654296875,30.44805908203125
2013-10-01,11.787689208984375,14.4820556640625,19.745269775390625,21.864715576171875,21.051727294921875,18.633575439453125,22.09478759765625,29.3994140625,29.067413330078125,26.714630126953125,25.675384521484375
2013-11-01,9.851806640625,13.462249755859375,18.64788818359375,20.851409912109375,20.357208251953125,18.30352783203125,21.922607421875,27.709381103515625,26.262298583984375,24.484710693359375,22.43255615234375
2013-12-01,8.165802001953125,11.90692138671875,17.04937744140625,19.17547607421875,19.294189453125,16.67083740234375,20.291107177734375,25.356414794921875,22.785858154296875,19.8306884765625,19.19171142578125
2014-01-01,7.749603271484375,11.557586669921875,15.98260498046875,18.36212158203125,18.871307373046875,16.111175537109375,19.728759765625,24.593994140625,20.88702392578125,18.204620361328125,17.7650146484375
2014-02-01,6.89190673828125,11.06060791015625,15.00091552734375,17.863739013671875,18.371612548828125,15.410125732421875,18.748687744140625,24.27020263671875,22.337860107421875,19.701507568359375,18.368133544921875
2014-03-01,6.692474365234375,10.638092041015625,14.48675537109375,17.99322509765625,18.406280517578125,15.526397705078125,19.503021240234375,24.032684326171875,22.91558837890625,20.45721435546875,19.50628662109375
2014-04-01,7.595550537109375,10.73370361328125,14.647308349609375,18.222412109375,18.424072265625,16.0980224609375,19.846435546875,24.12139892578125,24.244873046875,21.206268310546875,21.116485595703125
2014-05-01,9.411346435546875,11.76287841796875,16.412078857421875,19.029510498046875,19.236114501953125,16.9649658203125,20.63348388671875,25.64947509765625,26.0911865234375,24.254180908203125,22.1993408203125
2014-06-01,11.469757080078125,13.822113037109375,17.452484130859375,19.22735595703125,19.51141357421875,17.5806884765625,21.8270263671875,27.45147705078125,29.1478271484375,28.7506103515625,27.18212890625
2014-07-01,13.85009765625,16.35821533203125,19.443023681640625,20.56524658203125,20.85357666015625,19.726715087890625,23.814544677734375,30.3465576171875,30.772430419921875,30.829376220703125,29.836181640625
2014-08-01,15.63970947265625,19.3720703125,21.335906982421875,21.69158935546875,21.837982177734375,21.369476318359375,25.41949462890625,30.90380859375,31.240966796875,30.75848388671875,30.9407958984375
2014-09-01,15.78387451171875,19.195648193359375,20.91925048828125,22.4486083984375,22.6292724609375,21.38470458984375,25.381927490234375,28.314178466796875,30.0982666015625,30.606048583984375,30.75494384765625
2014-10-01,13.35516357421875,17.16717529296875,19.8297119140625,22.175262451171875,22.391326904296875,21.013397216796875,23.981658935546875,28.830902099609375,29.739013671875,28.928009033203125,28.45794677734375
2014-11-01,10.930145263671875,14.8455810546875,18.710723876953125,21.07757568359375,21.309051513671875,19.493011474609375,23.39617919921875,28.4794921875,26.98736572265625,25.383148193359375,24.485198974609375
2014-12-01,9.402008056640625,13.1568603515625,16.991363525390625,20.203277587890625,20.47869873046875,18.55596923828125,22.015350341796875,27.01519775390625,23.95440673828125,21.75323486328125,20.78668212890625
2015-01-01,8.337249755859375,12.276458740234375,15.92108154296875,19.55865478515625,19.5478515625,17.854827880859375,21.49969482421875,24.891387939453125,20.983123779296875,18.8546142578125,18.2315673828125
2015-02-01,8.23004150390625,12.383087158203125,16.29022216796875,19.212646484375,19.5357666015625,17.440093994140625,21.98748779296875,24.765777587890625,22.367095947265625,20.1165771484375,18.665771484375
2015-03-01,8.5919189453125,12.279083251953125,16.00469970703125,19.15960693359375,19.582061767578125,17.423095703125,21.63214111328125,24.86859130859375,22.69000244140625,20.847747802734375,19.756317138671875
2015-04-01,8.73577880859375,12.217010498046875,15.673614501953125,18.990478515625,19.432830810546875,17.5408935546875,21.540740966796875,25.27239990234375,24.555511474609375,22.930877685546875,20.978790283203125
2015-05-01,10.69140625,13.420135498046875,16.124237060546875,19.2615966796875,19.1129150390625,16.70440673828125,21.932861328125,25.024658203125,24.924163818359375,23.80621337890625,21.6785888671875
2015-06-01,12.418182373046875,16.11492919921875,18.167755126953125,20.3681640625,19.997344970703125,17.43743896484375,22.37738037109375,25.08245849609375,28.14935302734375,28.240753173828125,25.7984619140625
2015-07-01,14.615234375,18.12982177734375,19.95330810546875,22.4603271484375,22.6182861328125,19.60601806640625,23.691497802734375,27.948883056640625,29.900115966796875,30.553436279296875,29.088958740234375
2015-08-01,15.4290771484375,19.108795166015625,20.630828857421875,23.359710693359375,23.747772216796875,20.95294189453125,24.64776611328125,29.845916748046875,31.470123291015625,31.776947021484375,30.576416015625
2015-09-01,14.71807861328125,18.478118896484375,20.715301513671875,23.37335205078125,23.66204833984375,21.979034423828125,25.303802490234375,30.04205322265625,31.314849853515625,31.422271728515625,30.763092041015625
2015-10-01,13.121063232421875,17.328369140625,20.1143798828125,22.75177001953125,23.208709716796875,21.429168701171875,25.24591064453125,29.883087158203125,30.144683837890625,29.0374755859375,28.91668701171875
2015-11-01,10.51983642578125,14.485137939453125,18.806671142578125,21.076171875,20.95843505859375,19.191162109375,24.070098876953125,28.57574462890625,26.85546875,24.80499267578125,24.049285888671875
2015-12-01,8.863922119140625,12.321685791015625,16.88238525390625,19.791290283203125,19.518798828125,17.511505126953125,22.233612060546875,26.152313232421875,24.13592529296875,22.47198486328125,20.04058837890625
2016-01-01,7.9395751953125,10.981781005859375,15.555694580078125,18.9356689453125,18.58984375,16.16455078125,20.62152099609375,24.667449951171875,22.0670166015625,19.6142578125,18.08135986328125
2016-02-01,7.6751708984375,10.340911865234375,15.389923095703125,18.726776123046875,18.32159423828125,16.29437255859375,21.076812744140625,23.946258544921875,21.317352294921875,19.234710693359375,17.87744140625
2016-03-01,7.299224853515625,10.078094482421875,15.162567138671875,18.83819580078125,18.65765380859375,15.982452392578125,20.725128173828125,24.2469482421875,23.050811767578125,20.642303466796875,19.132781982421875
2016-04-01,8.077392578125,10.06341552734375,15.1806640625,19.0762939453125,18.89892578125,16.55462646484375,20.15838623046875,23.96551513671875,23.4296875,22.17047119140625,20.447540283203125
2016-05-01,9.593231201171875,12.19879150390625,15.49139404296875,19.330780029296875,19.186004638671875,16.345306396484375,20.602569580078125,23.6558837890625,25.250335693359375,23.6099853515625,21.647613525390625
2016-06-01,11.45391845703125,13.865478515625,17.438323974609375,20.200775146484375,20.167816162109375,17.194793701171875,21.217193603515625,25.342864990234375,27.42437744140625,27.26202392578125,25.233123779296875
2016-07-01,13.896820068359375,15.80499267578125,18.98931884765625,20.462432861328125,21.054046630859375,18.38201904296875,23.85650634765625,28.22772216796875,28.9561767578125,29.60516357421875,28.718841552734375
2016-08-01,15.706756591796875,17.015869140625,19.344329833984375,20.85223388671875,21.726959228515625,18.980804443359375,24.5587158203125,29.17462158203125,29.97723388671875,30.169158935546875,30.156585693359375
2016-09-01,15.718048095703125,17.87548828125,19.9962158203125,21.190032958984375,21.433441162109375,19.333831787109375,23.2381591796875,28.203857421875,29.550628662109375,29.04168701171875,29.313262939453125
2016-10-01,13.475067138671875,16.001007080078125,19.468963623046875,21.029388427734375,20.889251708984375,19.871063232421875,24.8218994140625,30.320770263671875,30.074005126953125,28.349761962890625,27.787506103515625
2016-11-01,10.6317138671875,12.463287353515625,17.4132080078125,20.6002197265625,20.475311279296875,19.5003662109375,23.68902587890625,29.0400390625,27.75372314453125,24.773284912109375,24.743377685546875
2016-12-01,8.08636474609375,10.808929443359375,15.89410400390625,19.7227783203125,19.269927978515625,17.1326904296875,21.473968505859375,26.361602783203125,23.452545166015625,20.464569091796875,19.7952880859375
2017-01-01,7.251495361328125,9.53485107421875,14.6014404296875,18.621551513671875,18.874053955078125,16.116729736328125,20.015106201171875,23.797454833984375,20.55255126953125,17.487945556640625,17.23516845703125
2017-02-01,6.49609375,8.9161376953125,14.44354248046875,18.02520751953125,18.8663330078125,15.7503662109375,20.3380126953125,23.331787109375,19.732391357421875,18.169586181640625,17.108306884765625
2017-03-01,5.980133056640625,8.4620361328125,13.74560546875,18.147003173828125,18.02471923828125,16.009063720703125,20.41241455078125,23.37261962890625,21.60589599609375,19.282440185546875,18.723663330078125
2017-04-01,6.829559326171875,9.10040283203125,13.12493896484375,18.555023193359375,18.63653564453125,16.5013427734375,20.2459716796875,23.67950439453125,23.716705322265625,21.189849853515625,20.90875244140625
2017-05-01,7.842864990234375,10.08056640625,14.624176025390625,18.85113525390625,18.8043212890625,16.2984619140625,20.145294189453125,23.054046630859375,24.305267333984375,23.28607177734375,21.51507568359375
2017-06-01,10.55328369140625,12.45941162109375,16.632171630859375,19.483123779296875,19.43218994140625,17.135162353515625,20.1329345703125,23.032928466796875,26.332061767578125,27.33502197265625,25.030853271484375
2017-07-01,13.11199951171875,14.75213623046875,18.74053955078125,20.27728271484375,20.839569091796875,19.121429443359375,24.43292236328125,27.526153564453125,29.06048583984375,30.15155029296875,29.086700439453125
2017-08-01,14.62115478515625,17.31890869140625,20.111968994140625,20.921417236328125,22.04266357421875,19.892822265625,24.979888916015625,29.246917724609375,31.163055419921875,31.63763427734375,30.542724609375
2017-09-01,14.292816162109375,17.739471435546875,20.70587158203125,22.017486572265625,22.364837646484375,20.584228515625,23.760345458984375,28.28399658203125,29.714691162109375,29.84722900390625,29.30706787109375
2017-10-01,12.377685546875,15.62567138671875,19.5489501953125,21.183349609375,21.1134033203125,20.370391845703125,23.48773193359375,29.50750732421875,29.479705810546875,27.51043701171875,26.3291015625
2017-11-01,10.256072998046875,12.93402099609375,17.679443359375,20.017913818359375,20.76287841796875,19.733673095703125,22.28424072265625,28.9652099609375,27.208587646484375,24.496917724609375,24.151580810546875
2017-12-01,8.005340576171875,11.44512939453125,15.95697021484375,19.2933349609375,19.92083740234375,18.198699951171875,21.483062744140625,26.4237060546875,23.96807861328125,19.77801513671875,20.6937255859375
2018-01-01,7.128570556640625,10.308746337890625,14.94525146484375,18.560394287109375,19.189849853515625,17.005126953125,20.80084228515625,24.55450439453125,21.569427490234375,18.136871337890625,18.49835205078125
2018-02-01,6.257965087890625,9.52923583984375,14.51434326171875,18.205902099609375,18.881927490234375,16.52935791015625,19.8818359375,24.10174560546875,20.80108642578125,17.85455322265625,17.54925537109375
2018-03-01,5.95281982421875,8.66400146484375,14.085479736328125,18.0885009765625,18.525634765625,16.013153076171875,19.739105224609375,23.865203857421875,20.58953857421875,18.03814697265625,17.8358154296875
2018-04-01,6.675384521484375,8.739288330078125,13.97271728515625,18.14935302734375,18.56353759765625,15.858489990234375,20.128936767578125,23.620086669921875,22.753021240234375,21.118865966796875,20.075439453125
2018-05-01,8.598358154296875,10.699554443359375,14.597442626953125,19.050537109375,19.563934326171875,16.123016357421875,19.883026123046875,23.508270263671875,25.296600341796875,24.30902099609375,21.59783935546875
2018-06-01,11.27447509765625,12.87103271484375,16.787567138671875,19.1951904296875,19.367950439453125,16.58441162109375,20.700469970703125,24.99749755859375,27.7412109375,27.2744140625,25.255889892578125
2018-07-01,13.551544189453125,14.871612548828125,17.687286376953125,19.98974609375,20.567108154296875,19.265380859375,23.42608642578125,29.296142578125,30.0928955078125,29.916473388671875,29.46630859375
2018-08-01,15.6947021484375,17.12738037109375,19.1529541015625,21.124298095703125,21.222686767578125,21.56951904296875,24.009002685546875,29.099090576171875,30.929656982421875,30.896728515625,30.9193115234375
2018-09-01,15.265380859375,17.372039794921875,19.772979736328125,21.04888916015625,20.817108154296875,20.3802490234375,24.796905517578125,29.725311279296875,30.59576416015625,30.27606201171875,30.432830810546875
2018-10-01,14.0037841796875,16.423675537109375,19.10107421875,20.75506591796875,20.858184814453125,19.78948974609375,23.0072021484375,28.981170654296875,29.192474365234375,27.35357666015625,27.36212158203125
2018-11-01,11.316650390625,15.000579833984375,18.37237548828125,20.24713134765625,20.22210693359375,19.025421142578125,22.527191162109375,27.851409912109375,25.96661376953125,23.751190185546875,23.041473388671875
2018-12-01,9.2684326171875,12.60748291015625,16.577606201171875,19.197540283203125,19.838653564453125,17.612060546875,21.2520751953125,25.939971923828125,23.51934814453125,20.783782958984375,19.7027587890625
2019-01-01,7.920196533203125,11.09814453125,14.99908447265625,18.32537841796875,19.029144287109375,15.736358642578125,20.998779296875,24.397430419921875,21.5943603515625,19.014862060546875,17.694183349609375
2019-02-01,7.296478271484375,9.942535400390625,13.98211669921875,17.7291259765625,18.52642822265625,15.18994140625,20.65692138671875,24.02386474609375,20.920562744140625,17.49114990234375,16.968353271484375
2019-03-01,6.994842529296875,9.4361572265625,12.808837890625,17.456298828125,18.66455078125,15.655242919921875,20.047210693359375,23.72198486328125,20.95123291015625,18.6226806640625,17.638092041015625
2019-04-01,7.435272216796875,10.261627197265625,13.562042236328125,17.708343505859375,18.38323974609375,16.536041259765625,20.245208740234375,24.3062744140625,22.7958984375,20.266693115234375,19.392608642578125
2019-05-01,9.53863525390625,11.4466552734375,14.4681396484375,18.1275634765625,18.96484375,17.034271240234375,20.39630126953125,24.41192626953125,24.909912109375,23.1337890625,20.899017333984375
2019-06-01,11.25732421875,14.6087646484375,16.618408203125,18.57598876953125,19.108001708984375,17.44378662109375,20.769012451171875,23.20867919921875,27.20489501953125,26.695648193359375,24.04815673828125
2019-07-01,14.163726806640625,17.36541748046875,20.638946533203125,20.087921142578125,20.29144287109375,17.994903564453125,23.528533935546875,26.984222412109375,29.344329833984375,29.772552490234375,27.88739013671875
2019-08-01,15.528717041015625,19.190521240234375,22.98565673828125,22.802154541015625,21.433807373046875,19.130706787109375,23.929840087890625,29.0018310546875,29.860565185546875,30.4656982421875,30.044342041015625
2019-09-01,14.96295166015625,18.181396484375,22.5009765625,24.091156005859375,22.51837158203125,19.962371826171875,24.47369384765625,29.85809326171875,30.2896728515625,29.540924072265625,30.04571533203125
2019-10-01,12.849212646484375,16.189300537109375,20.438018798828125,21.9454345703125,21.974700927734375,19.255218505859375,22.502899169921875,28.157989501953125,29.17401123046875,27.5631103515625,26.46820068359375
2019-11-01,11.238800048828125,15.440765380859375,18.556640625,20.62017822265625,20.68231201171875,17.86151123046875,22.564697265625,27.071746826171875,26.8009033203125,23.594818115234375,22.600189208984375
2019-12-01,9.544158935546875,13.099395751953125,16.212005615234375,19.077972412109375,19.71728515625,17.037750244140625,21.16265869140625,25.864044189453125,23.619873046875,20.771728515625,19.15374755859375
2020-01-01,7.798431396484375,11.2579345703125,14.644195556640625,18.078582763671875,18.654052734375,15.780059814453125,19.41864013671875,23.98175048828125,21.3424072265625,18.664276123046875,17.579071044921875
2020-02-01,6.9805908203125,10.372222900390625,14.390228271484375,17.695159912109375,18.1781005859375,15.263824462890625,19.427825927734375,22.951751708984375,20.41229248046875,17.830047607421875,16.99920654296875
2020-03-01,6.521026611328125,10.167083740234375,13.90594482421875,17.093536376953125,18.21221923828125,15.688201904296875,19.129638671875,23.588287353515625,20.81597900390625,18.41900634765625,17.346221923828125
2020-04-01,7.052764892578125,10.87750244140625,14.0419921875,17.052978515625,17.82537841796875,16.379425048828125,19.06768798828125,22.921661376953125,22.3890380859375,20.37445068359375,19.57183837890625
2020-05-01,8.172088623046875,11.588409423828125,15.86065673828125,19.222259521484375,19.161773681640625,17.68560791015625,21.12762451171875,22.964111328125,26.140228271484375,25.14300537109375,23.84222412109375
2020-06-01,10.492095947265625,13.262054443359375,17.9683837890625,19.424163818359375,19.698516845703125,17.83831787109375,21.815338134765625,23.37646484375,27.86395263671875,28.38134765625,25.648529052734375
2020-07-01,13.253448486328125,16.013885498046875,19.11590576171875,19.92681884765625,20.63006591796875,18.713592529296875,23.257171630859375,27.98931884765625,28.878021240234375,26.880859375,23.480865478515625
2020-08-01,14.241668701171875,18.403411865234375,20.468017578125,21.636749267578125,21.85986328125,20.511444091796875,23.928466796875,28.210113525390625,30.0377197265625,30.40350341796875,30.41339111328125
2020-09-01,14.581512451171875,19.0294189453125,21.09808349609375,22.638092041015625,22.6614990234375,21.214691162109375,25.602508544921875,28.984832763671875,30.806854248046875,30.40216064453125,30.368072509765625
2020-10-01,13.540130615234375,17.427734375,20.837890625,22.31243896484375,22.930328369140625,21.91790771484375,25.765899658203125,29.732574462890625,30.587921142578125,29.132049560546875,28.87322998046875
2020-11-01,10.304779052734375,15.097198486328125,18.95440673828125,20.9151611328125,21.449554443359375,18.826019287109375,23.06231689453125,28.54449462890625,26.75567626953125,24.02093505859375,23.2493896484375
2020-12-01,8.274261474609375,12.592376708984375,17.532562255859375,19.84844970703125,20.035614013671875,17.02911376953125,20.82232666015625,26.23345947265625,20.978057861328125,18.517578125,18.81689453125
2021-01-01,6.922210693359375,11.00811767578125,16.327972412109375,18.826171875,18.57537841796875,15.082275390625,19.609527587890625,23.77679443359375,19.395660400390625,17.079742431640625,16.80120849609375
2021-02-01,6.287139892578125,10.2572021484375,15.095916748046875,18.102630615234375,17.808685302734375,14.865692138671875,19.208709716796875,22.22821044921875,19.68841552734375,16.793975830078125,16.6507568359375
2021-03-01,5.7154541015625,9.54718017578125,13.63140869140625,17.300323486328125,17.557342529296875,14.2464599609375,18.896759033203125,21.827880859375,19.369384765625,16.97882080078125,16.65179443359375
2021-04-01,6.45867919921875,10.16058349609375,13.703857421875,17.328857421875,17.740234375,15.3345947265625,19.09539794921875,22.80279541015625,22.15509033203125,20.418487548828125,19.728240966796875
2021-05-01,7.73828125,12.088287353515625,16.055511474609375,18.109130859375,18.057220458984375,15.463592529296875,19.678466796875,24.48687744140625,25.755859375,24.432159423828125,22.016387939453125
2021-06-01,10.05548095703125,13.798370361328125,18.05938720703125,19.6572265625,18.635711669921875,16.46722412109375,19.99444580078125,25.855682373046875,28.921417236328125,28.37139892578125,25.891082763671875
2021-07-01,13.131317138671875,16.67236328125,19.414031982421875,20.42803955078125,19.573211669921875,18.35284423828125,21.896881103515625,27.5035400390625,29.4483642578125,30.25537109375,29.287384033203125
2021-08-01,14.970062255859375,18.57659912109375,21.008026123046875,21.004180908203125,21.0576171875,20.460968017578125,24.977935791015625,29.52960205078125,31.051849365234375,31.61981201171875,30.805999755859375
2021-09-01,14.35205078125,17.93804931640625,21.09930419921875,21.1805419921875,21.75750732421875,20.75811767578125,24.681549072265625,29.439697265625,30.4991455078125,30.827911376953125,30.553253173828125
2021-10-01,11.223724365234375,14.955474853515625,19.54278564453125,20.564453125,20.704742431640625,18.9390869140625,23.57183837890625,29.651458740234375,29.686248779296875,27.541412353515625,26.9881591796875
2021-11-01,8.6954345703125,12.1236572265625,18.037322998046875,20.163604736328125,19.79498291015625,18.2003173828125,21.607940673828125,28.1041259765625,27.372955322265625,24.785888671875,24.065216064453125
2021-12-01,7.103973388671875,10.68524169921875,17.155853271484375,19.2945556640625,19.206329345703125,16.495849609375,20.22637939453125,26.6226806640625,24.653594970703125,21.04095458984375,20.3438720703125
2022-01-01,6.35400390625,9.294952392578125,15.539581298828125,18.356048583984375,18.74365234375,15.4073486328125,20.278350830078125,25.103240966796875,22.027191162109375,18.29718017578125,17.6732177734375
2022-02-01,6.34600830078125,9.595916748046875,15.287078857421875,17.863861083984375,18.397979736328125,15.558837890625,19.424774169921875,23.984222412109375,19.662078857421875,17.329071044921875,16.088134765625
2022-03-01,6.2718505859375,9.330352783203125,15.031951904296875,17.67803955078125,17.940826416015625,16.0181884765625,18.85040283203125,23.380523681640625,20.58837890625,17.792022705078125,16.9176025390625
2022-04-01,6.328826904296875,9.313934326171875,14.86248779296875,17.265106201171875,18.040924072265625,16.4354248046875,19.057373046875,23.79766845703125,22.875579833984375,20.795654296875,19.452239990234375
2022-05-01,7.8914794921875,10.058349609375,16.13006591796875,18.071624755859375,17.5079345703125,15.1412353515625,19.188201904296875,24.411712646484375,24.89154052734375,24.225006103515625,22.241546630859375
2022-06-01,10.127410888671875,11.962677001953125,17.311004638671875,20.061798095703125,18.827728271484375,16.526824951171875,20.05731201171875,23.9893798828125,27.07354736328125,27.7857666015625,26.43902587890625
2022-07-01,12.9832763671875,15.6168212890625,19.354705810546875,20.73333740234375,19.821044921875,18.240081787109375,22.83544921875,28.035003662109375,29.05816650390625,29.30718994140625,28.066375732421875
2022-08-01,15.710906982421875,17.608123779296875,20.657318115234375,21.890167236328125,21.211395263671875,19.6102294921875,24.750030517578125,29.765899658203125,30.623077392578125,30.58734130859375,30.888824462890625
2022-09-01,15.177276611328125,18.195892333984375,20.740234375,22.50048828125,22.0770263671875,21.39031982421875,24.614349365234375,27.5458984375,30.093170166015625,30.205657958984375,30.40814208984375
2022-10-01,14.180450439453125,17.284027099609375,19.950653076171875,22.19561767578125,21.556304931640625,20.113006591796875,23.372161865234375,27.933380126953125,29.4915771484375,27.59588623046875,27.770050048828125
2022-11-01,9.57843017578125,14.01239013671875,18.2816162109375,21.048980712890625,20.1302490234375,17.634613037109375,21.59002685546875,26.759490966796875,24.888214111328125,22.00128173828125,22.1802978515625
2022-12-01,7.6431884765625,11.53363037109375,16.28656005859375,19.975616455078125,18.941741943359375,16.439422607421875,19.533355712890625,25.393585205078125,22.13983154296875,18.200775146484375,18.151458740234375
2023-01-01,7.019378662109375,9.90106201171875,14.450164794921875,19.082733154296875,18.58282470703125,15.615875244140625,18.97332763671875,23.9007568359375,20.066650390625,17.287078857421875,16.529296875
2023-02-01,6.4666748046875,9.57037353515625,13.24237060546875,17.9412841796875,17.656005859375,14.40216064453125,17.7108154296875,22.62091064453125,18.76776123046875,15.948883056640625,15.6759033203125
2023-03-01,5.966033935546875,8.935577392578125,12.8135986328125,17.81231689453125,18.12506103515625,14.587127685546875,18.135711669921875,22.75958251953125,19.703094482421875,17.549835205078125,16.38909912109375
2023-04-01,6.029296875,8.92547607421875,13.3033447265625,18.122467041015625,17.857513427734375,14.55352783203125,17.918914794921875,22.66644287109375,20.990936279296875,19.409515380859375,18.591796875
2023-05-01,8.3076171875,11.14227294921875,15.524261474609375,18.739593505859375,18.12017822265625,15.4566650390625,18.042327880859375,22.393310546875,24.826019287109375,24.33001708984375,21.971221923828125
2023-06-01,10.6016845703125,13.6591796875,16.71148681640625,18.61541748046875,18.42547607421875,16.663360595703125,18.575714111328125,24.842742919921875,28.36395263671875,27.420989990234375,24.312469482421875
2023-07-01,13.739654541015625,16.78631591796875,20.34088134765625,19.662506103515625,18.803741455078125,17.508270263671875,21.15234375,29.439208984375,30.417510986328125,30.48834228515625,29.333770751953125
2023-08-01,15.941558837890625,18.965667724609375,22.210693359375,21.974578857421875,20.457305908203125,19.68292236328125,23.646026611328125,29.58056640625,31.38775634765625,31.42730712890625,30.651519775390625
2023-09-01,14.49639892578125,17.7066650390625,21.382843017578125,22.796478271484375,22.056732177734375,20.772216796875,24.58306884765625,30.676483154296875,31.643768310546875,30.77362060546875,30.41650390625
2023-10-01,12.174468994140625,14.5677490234375,19.891815185546875,22.583709716796875,21.90911865234375,19.592376708984375,23.27239990234375,29.1923828125,30.32196044921875,29.3651123046875,27.82904052734375
2023-11-01,10.379425048828125,12.950103759765625,18.37200927734375,21.69403076171875,21.237396240234375,17.9827880859375,22.528289794921875,27.774810791015625,27.329681396484375,25.217376708984375,23.56744384765625
2023-12-01,8.219207763671875,11.33087158203125,15.95196533203125,19.71331787109375,19.64520263671875,17.27734375,21.3583984375,26.033233642578125,23.95672607421875,21.23260498046875,20.37744140625
2024-01-01,7.789581298828125,10.261962890625,14.613555908203125,19.0771484375,18.757110595703125,16.587615966796875,20.837554931640625,24.92572021484375,21.577362060546875,18.9912109375,18.487518310546875
2024-02-01,7.19158935546875,9.8743896484375,14.080535888671875,18.63720703125,18.510711669921875,16.801483154296875,20.51177978515625,24.194732666015625,21.9959716796875,19.41143798828125,18.23504638671875
2024-03-01,6.88470458984375,9.69622802734375,13.21783447265625,18.47509765625,18.487335205078125,16.164337158203125,20.069000244140625,23.75933837890625,22.3404541015625,19.81640625,18.572906494140625
2024-04-01,7.1414794921875,9.743988037109375,13.421844482421875,17.990264892578125,18.537200927734375,15.92657470703125,19.149261474609375,23.312835693359375,22.216827392578125,20.384490966796875,19.73236083984375
2024-05-01,8.550262451171875,11.378753662109375,14.97894287109375,18.00750732421875,18.060516357421875,15.969757080078125,19.485748291015625,24.363128662109375,25.581817626953125,24.083953857421875,22.4947509765625
2024-06-01,9.712188720703125,12.652435302734375,17.88275146484375,19.34967041015625,19.24261474609375,16.567840576171875,20.092803955078125,24.508392333984375,28.149139404296875,28.515655517578125,26.152862548828125
2024-07-01,13.22576904296875,15.85107421875,19.93316650390625,20.553009033203125,20.891204833984375,17.9749755859375,23.1090087890625,26.293701171875,29.58428955078125,30.098480224609375,29.63763427734375
2024-08-01,15.076324462890625,18.971282958984375,21.66046142578125,22.16259765625,21.762054443359375,18.80401611328125,25.3583984375,29.257171630859375,30.902984619140625,31.217071533203125,31.144317626953125
2024-09-01,14.849334716796875,18.47381591796875,21.3209228515625,22.773956298828125,22.051849365234375,19.361572265625,23.624603271484375,28.24761962890625,30.71197509765625,31.545257568359375,30.726348876953125
2024-10-01,11.42181396484375,16.443817138671875,21.00274658203125,22.505218505859375,21.806976318359375,19.402587890625,22.91162109375,28.24761962890625,30.225311279296875,29.4625244140625,29.391571044921875
2024-11-01,9.72003173828125,13.28436279296875,18.581878662109375,21.53912353515625,20.817657470703125,18.1361083984375,21.486541748046875,28.008392333984375,24.477752685546875,23.061737060546875,23.28070068359375
2024-12-01,8.14007568359375,11.731597900390625,16.42919921875,20.768646240234375,20.482177734375,18.2969970703125,20.203857421875,25.087493896484375,21.7425537109375,19.2691650390625,19.78045654296875
2025-01-01,7.726104736328125,10.689849853515625,15.299072265625,20.19683837890625,19.6435546875,16.547088623046875,18.955535888671875,22.7957763671875,20.426300048828125,17.489532470703125,17.428955078125
2025-02-01,6.82733154296875,9.88677978515625,14.919677734375,19.14825439453125,19.233856201171875,14.793212890625,18.761749267578125,21.46142578125,20.10272216796875,18.085174560546875,17.399749755859375
2025-03-01,6.6632080078125,9.811798095703125,14.10546875,18.375762939453125,18.922149658203125,14.869903564453125,19.692657470703125,21.958740234375,20.839630126953125,18.785858154296875,17.57696533203125
2025-04-01,7.305633544921875,10.3875732421875,14.350982666015625,18.35479736328125,18.392120361328125,16.358673095703125,19.724884033203125,22.374298095703125,22.763916015625,20.53131103515625,19.772064208984375
2025-05-01,8.35205078125,11.12188720703125,15.20111083984375,18.648406982421875,18.3834228515625,16.248138427734375,19.541473388671875,23.9774169921875,24.8526611328125,23.8275146484375,21.5867919921875
2025-06-01,10.5238037109375,13.104248046875,16.147705078125,19.0482177734375,18.909423828125,16.547698974609375,19.717987060546875,25.35107421875,28.238250732421875,28.258392333984375,25.778411865234375
2025-07-01,12.98236083984375,16.509979248046875,18.66949462890625,20.271484375,19.54742431640625,17.851318359375,21.3409423828125,27.591217041015625,29.75146484375,30.008026123046875,29.360076904296875
2025-08-01,15.459625244140625,19.305633544921875,21.669158935546875,22.8502197265625,20.428924560546875,18.7078857421875,23.302032470703125,30.121734619140625,30.498077392578125,29.839263916015625,27.586181640625
